user_id,user_name,birthdate,age,gender,user_address
e86ce111-f380-4263-af7f-71d078a86e15,상시우,2003-08-17,22,Female,서울특별시 은평구 증산로29길
7edf0e9d-7c0e-45ef-ae71-3fcb1734f40b,전솔,1962-11-04,63,Male,서울특별시 마포구 독막로96길
91f7e3bc-7762-4028-9414-4d4d1cd5447b,승리하,1997-04-21,28,Male,서울특별시 마포구 양화로86길
c7bd5634-321d-4a9e-8288-dcf94e898e89,은소희,2004-06-21,21,Male,서울특별시 송파구 오금로11길
6233e04c-c5e0-4ae4-88c7-b508f8bbca2c,위지민,1999-05-28,26,Male,서울특별시 종로구 사직로83길
9f0b2ca4-8670-41cd-90f6-eae6b060004b,모해솔,1979-05-08,46,Male,서울특별시 종로구 종로49길
ae44c115-572a-411b-afdb-b035f12e58db,온인호,1963-11-14,62,Male,서울특별시 강동구 성내로67길
a5d10c10-fcac-41bd-a436-109fd24d571e,국윤설,1993-04-04,32,Male,서울특별시 서대문구 연희로11길
f348ebbd-a58f-4d53-8525-308bffbd33b9,하서율,1962-03-01,63,Female,서울특별시 금천구 시흥대로6길
ed714b55-e5a6-48b7-98fc-6ca90f8cda07,남궁태우,1987-12-22,38,Female,서울특별시 강동구 천호대로28길
70d7f0bc-147f-4ad7-8ca3-d3e0eb1520ba,공고은,1963-10-18,62,Male,서울특별시 광진구 광나루로83길
8b81a718-463b-496f-88ac-c9276177063a,사공하엘,1974-11-13,51,Female,서울특별시 서대문구 통일로58길
e78bdc3f-271d-48e0-a243-96aab9940bfa,최태현,2009-01-10,16,Male,서울특별시 구로구 구로중앙로89길
cc4f9e98-9918-47d9-8d96-2721a84a2b1e,남궁하선,1984-02-02,41,Female,서울특별시 양천구 신정로32길
31bc8d5b-c502-4369-abac-59a50af02d83,방소정,1966-07-26,59,Female,서울특별시 서대문구 연희로12길
0682ccba-dfcb-4e9e-92d0-42cb8bed7d3b,최나윤,1989-03-19,36,Male,서울특별시 서초구 반포대로57길
73e37569-6180-4712-8b0d-b57f4acf364e,채가람,1968-02-05,57,Female,서울특별시 중구 세종대로14길
5b5db379-b1d6-4f2c-b7c8-95f2bdeb3346,남궁하성,1986-01-16,39,Male,서울특별시 광진구 아차산로90길
f9f5af26-a97d-4fed-8ed2-00406315e376,마선우,1993-05-25,32,Male,서울특별시 성북구 종암로84길
04ec1bc8-4d27-4ace-9f93-0bbab242c8cc,표태리,2001-12-07,24,Female,서울특별시 서대문구 연희로95길
ad004320-602d-4551-9aa7-245e2c1339a4,감가희,1984-01-18,41,Male,서울특별시 금천구 시흥대로92길
e0213b16-4c39-4b08-bd90-ada964e2a7b5,동미나,1963-09-09,62,Male,서울특별시 강동구 올림픽로96길
40944225-9558-46c8-af68-0e6c6f28186a,함소이,1980-12-09,45,Male,서울특별시 관악구 봉천로47길
2cb76b21-abad-483b-ac81-f92363b7c708,신은혜,1968-11-01,57,Male,서울특별시 강북구 삼양로90길
4e3292e6-67f8-4bc5-82d1-579f9d74e3c0,민하루,1978-09-03,47,Female,서울특별시 강남구 선릉로12길
beccee93-a573-4e9d-b683-e3b625f457ac,손나린,1990-03-10,35,Female,서울특별시 용산구 이태원로49길
6a1aa708-8b5a-411d-9682-dd7b3dabbe09,팽유하,1999-09-16,26,Male,서울특별시 서초구 서초대로61길
032b8200-6a7e-4cef-956f-b3e821e28717,선주원,1962-03-20,63,Female,서울특별시 종로구 사직로42길
0e9d0015-493f-4c77-ac95-3d8a85bc7903,전하선,1995-09-10,30,Female,서울특별시 강동구 올림픽로52길
bb0088c0-498b-4b1c-8274-0b6855e4ae31,강동준,1963-09-06,62,Male,서울특별시 강서구 공항대로50길
8b0023eb-67f1-48b4-9a4a-2bfa3d71ed36,당재욱,1964-07-14,61,Female,서울특별시 동대문구 답십리로46길
c1150bf2-e92a-48ad-b941-15e482da8d97,송설,1960-03-18,65,Male,서울특별시 양천구 신정로8길
cb36bf04-3c23-48f8-8b33-d7ce49c6f9a5,음동원,1978-08-14,47,Female,서울특별시 강동구 성내로43길
5f3ef77e-6d2b-4084-aaff-902c2c3ecfd7,은은솔,2000-08-09,25,Male,서울특별시 은평구 연서로64길
e734dd01-fe61-4c9b-9aaa-7e645989df9f,나윤서,1997-10-26,28,Male,서울특별시 양천구 목동중앙본로96길
d1ff23fa-8572-43b7-bb10-984c67918ff2,육채민,1973-11-12,52,Male,서울특별시 중랑구 망우로95길
bf9d55d5-6424-46d6-b936-dea97f68ae5a,박다인,1964-11-13,61,Male,서울특별시 양천구 오목로56길
187866ad-9f7a-4e94-af71-72e1d38d4b4c,반희수,1992-08-26,33,Male,서울특별시 구로구 경인로29길
5abcef80-3b6e-474c-9fb0-559b4ddd33d8,성기범,1967-01-03,58,Male,서울특별시 구로구 구로중앙로5길
3bde158e-0fec-40bd-be67-8c4f62ae67b4,태선호,2001-03-28,24,Male,서울특별시 은평구 증산로33길
1658704e-2a1a-4c5b-a4fa-2081622de6d3,손주하,1988-09-20,37,Female,서울특별시 성북구 종암로38길
f2047f18-0c62-4f50-ba3e-0af278846768,홍하정,1991-11-09,34,Female,서울특별시 송파구 문정로75길
5aa69d72-c0ee-442d-b476-8c0d0bf463f6,오세인,1964-01-22,61,Female,서울특별시 용산구 한강대로68길
0bf5142a-d971-451c-a102-115eb235e485,추예찬,1970-01-04,55,Female,서울특별시 강남구 도산대로90길
f7d0801d-4db7-4f24-ba99-ccc6a941490e,형하엘,1961-04-01,64,Female,서울특별시 종로구 종로84길
e80e1625-59f1-47a2-94a3-b6511c05a27d,주지호,2001-12-28,24,Male,서울특별시 강서구 공항대로60길
a53695a2-f8ae-41e6-89b5-c856105bec8e,박승은,1977-11-10,48,Female,서울특별시 마포구 신촌로42길
705ef692-302f-4e69-982d-2e6edb7191ed,안인성,1961-03-10,64,Female,서울특별시 송파구 위례성대로85길
2ff8ae63-1628-49ed-addd-e4064a17e77e,권준현,1963-07-05,62,Female,서울특별시 성동구 마조로24길
91e3b2a9-3b3c-496d-9d7c-46fef0b682c1,심승준,2005-12-13,20,Female,서울특별시 강북구 도봉로3길
2fa2af4f-71b1-4e07-8f4d-50303350cdad,소슬,1974-12-01,51,Male,서울특별시 서초구 신반포로93길
2e8a4d1b-5d6a-4089-9786-39d8bbe8d448,이채민,1973-01-09,52,Female,서울특별시 강동구 올림픽로41길
a0429529-f7a0-4605-9772-3717fd585691,맹태성,2005-09-25,20,Male,서울특별시 용산구 이태원로73길
3acd9081-e9ca-4865-b77d-b4b4f458f4e9,기도윤,1966-09-10,59,Male,서울특별시 중구 을지로14길
5b67730c-62c2-4c34-a308-b924a97d13f2,승소은,1971-07-28,54,Male,서울특별시 강동구 천호대로50길
99ebc2b4-a322-4bb9-b275-280dd97cb0ef,연도이,1993-01-13,32,Female,서울특별시 동대문구 왕산로31길
a6260fbf-485f-4221-a509-ac7d8c9bf4ab,배동욱,1997-04-27,28,Female,서울특별시 송파구 중대로41길
927658e3-66ab-4fc2-911c-ed7ce926f8f7,양리호,2002-04-01,23,Male,서울특별시 구로구 디지털로35길
0b1979d8-9111-4ad4-8c3e-d19a091e0e9a,류유안,1969-06-15,56,Male,서울특별시 종로구 율곡로17길
a6165e5f-1a25-4981-ba27-0bf984c0b59e,범이담,2000-01-15,25,Female,서울특별시 송파구 백제고분로30길
ede3bea1-4c2a-4ef8-8e3f-917b3ddda8cf,사공윤주,2005-08-15,20,Male,서울특별시 영등포구 영등포로89길
349ca58c-2f53-4eb4-885b-ba070b647b99,신이엘,1998-02-27,27,Male,서울특별시 강서구 양천로38길
0ffd1af2-1ee0-4c71-9784-a1d9f2aabadb,류규원,1977-08-17,48,Female,서울특별시 도봉구 노해로37길
fc3c051c-c1f7-4f11-ad6a-678bb7dd8036,은현빈,2004-01-08,21,Male,서울특별시 서초구 서초대로27길
3b7aa8c5-d5cc-4bfa-bfa6-8ee940c1e137,상세영,1963-08-27,62,Female,서울특별시 동대문구 답십리로22길
2b41a7cd-b001-4eee-ba26-b6b9466962ca,소도영,1971-04-14,54,Female,서울특별시 은평구 연서로72길
8e521af1-62d4-417c-b595-c0fe6f7d1d64,양윤수,1971-12-16,54,Male,서울특별시 금천구 두산로3길
15638303-65ae-4af5-9028-a6a0492d27ef,음하빈,1964-08-01,61,Female,서울특별시 종로구 삼봉로82길
8a8cc26d-f74d-430c-b509-8e04e1440901,전주현,2009-08-17,16,Male,서울특별시 성동구 마조로66길
c656474f-f56c-47c1-a15c-5ea2c1b0908b,봉경민,1963-03-28,62,Female,서울특별시 광진구 광나루로73길
bb33a278-ecb5-4a07-8737-0062d3f55193,라민혁,1984-03-25,41,Male,서울특별시 구로구 구로중앙로27길
86439677-bd0c-4600-9ed0-50ffdcbf01ad,승재인,1965-03-14,60,Female,서울특별시 구로구 구로중앙로97길
f99b65c3-231a-4341-a9dd-09324ac51e12,사공민,1968-01-13,57,Female,서울특별시 구로구 구로중앙로72길
92dea361-9df3-4884-8d24-10ddb69de65f,피해윤,1972-07-18,53,Female,서울특별시 마포구 신촌로19길
bb6c1afa-77f6-478f-98b0-515be648e91b,송보영,1989-10-04,36,Male,서울특별시 서초구 남부순환로76길
a8237c94-f60b-4025-be90-bda9e7047f19,팽재인,1967-08-20,58,Male,서울특별시 강북구 삼양로61길
3ce63ffb-e204-40ba-8b28-218787398444,황여준,1985-01-20,40,Male,서울특별시 서초구 신반포로94길
d47d2fdd-9ef1-4047-a525-bd999c585281,복수연,1960-09-10,65,Female,서울특별시 서초구 서초대로35길
b2e20679-2277-4c1e-9752-9184e39727fd,유윤솔,1980-05-02,45,Male,서울특별시 동대문구 천호대로24길
327e5df1-83b6-47d7-a22b-7160d9ad8cb2,나유정,1975-09-08,50,Male,서울특별시 용산구 원효로62길
81cec93e-646e-4774-867b-5020b392adc3,도준원,1985-11-28,40,Male,서울특별시 서대문구 명지대길1길
dc2fd7ca-c779-40ad-86fb-426af7091db7,인가인,2002-02-17,23,Male,서울특별시 중구 을지로86길
4ad706a7-5b20-4640-83da-ab8f80acb9a7,편찬호,1992-09-05,33,Male,서울특별시 송파구 백제고분로10길
107a3721-5ebe-4328-bb68-e4c6571d1c8b,하송현,1973-02-24,52,Male,서울특별시 영등포구 선유로3길
88ee7404-6740-42cd-aa32-5f918de4e726,경라엘,1997-07-16,28,Male,서울특별시 서대문구 통일로32길
c431b03a-cfbc-4cf1-a3e1-18894763b0b5,추유담,2000-12-01,25,Male,서울특별시 양천구 오목로63길
98148d52-c41e-4d45-a080-22b36bc20275,권혜나,2008-01-15,17,Male,서울특별시 노원구 한글비석로65길
441ad7b2-4d64-408c-a45d-be0498db9f05,임현우,2010-06-21,15,Female,서울특별시 성동구 금호로71길
96b068d6-938a-4cac-872d-1bd2cb7a951e,국민하,1974-02-09,51,Female,서울특별시 서대문구 명지대길76길
5aab4650-a370-4e95-9269-8ecf5e472210,차민규,1962-05-16,63,Female,서울특별시 성동구 금호로92길
94ddab15-bdbd-4fc5-9b0a-eabc6e7b7801,모지후,1988-10-23,37,Female,서울특별시 노원구 한글비석로77길
1b38da70-c297-49d0-a07c-fd19275e9405,맹태환,1965-10-05,60,Male,서울특별시 중랑구 중랑천로75길
a79ac0a3-d0f1-4808-97eb-bda22a762dcc,상태원,1968-06-11,57,Male,서울특별시 구로구 디지털로93길
5344048f-41bd-4fe6-9841-34c96b83f563,경하은,1989-10-23,36,Female,서울특별시 용산구 원효로27길
7f8678de-2aed-4b92-98fe-ccb71d15e881,차주연,1963-01-25,62,Female,서울특별시 중랑구 면목로3길
ed7993d2-63e3-44ae-915b-96bb7ab9c351,태종혁,1965-07-20,60,Female,서울특별시 송파구 중대로39길
8bffd3e8-b6b5-4507-ba5d-6ac5be415b89,음지석,1977-09-05,48,Male,서울특별시 서초구 서초대로10길
69a92816-4a81-4c13-b504-fedd455b803c,민민솔,1981-04-25,44,Male,서울특별시 양천구 목동중앙본로36길
648018b5-dc6f-4423-974a-c2a90022c48d,함연수,1974-04-08,51,Male,서울특별시 구로구 디지털로59길
450fd908-0cf3-4ed0-bf4c-c47a4b75f6c0,탁신우,1998-11-11,27,Female,서울특별시 서대문구 통일로36길
73f4f11f-d757-4c6f-bb39-4ed524359fa3,하대현,1986-03-09,39,Male,서울특별시 양천구 신정로58길
0ed5ceb2-3144-42bc-9e28-e53afca5f40c,차로하,1973-03-25,52,Male,서울특별시 은평구 연서로55길
e8bd4a5d-19a0-431a-afa5-c6ad7e16cd2a,곽수안,1977-08-05,48,Female,서울특별시 송파구 오금로83길
970cd84d-ae7b-4855-96e5-8a3ef20cebcf,정한솔,2003-03-09,22,Male,서울특별시 종로구 자하문로77길
c06ca374-c6aa-4dd0-924e-7bdc8ffee59f,진라엘,1991-11-03,34,Male,서울특별시 강남구 도산대로98길
e783967e-9990-4100-83cb-b8d1383b774c,주윤솔,2000-04-18,25,Female,서울특별시 용산구 청파로1길
c1a164a7-f162-4299-9789-8657b8102d64,동서우,1984-02-04,41,Male,서울특별시 동대문구 왕산로95길
d8f913ef-65ee-4be9-b402-99623884726e,문슬,2008-02-07,17,Male,서울특별시 성동구 행당로58길
47b7a6da-0386-49ae-97d3-09e17b4420cb,반소연,2003-12-27,22,Male,서울특별시 성북구 보문로17길
a348bafc-79db-4cb2-8022-842200bc9b8d,서문나경,1998-09-28,27,Female,서울특별시 용산구 한강대로41길
3a087bd7-b2ac-4710-a624-68050ef089a4,황민영,1976-01-14,49,Female,서울특별시 양천구 신정로40길
4af8e625-5abf-487d-8deb-6c1345576c51,설채연,2001-08-15,24,Male,서울특별시 동대문구 천호대로30길
d7e2cf48-75a8-4717-83e5-2b1541059b54,왕태희,1964-11-15,61,Female,서울특별시 종로구 사직로44길
9eeaf50c-52d4-4791-92fc-137fc1b0262e,권이현,1984-03-23,41,Male,서울특별시 서초구 서초대로19길
90cd83d2-6cbb-4b1f-a1c6-5dbd56afda6a,기은혜,1994-05-04,31,Male,서울특별시 중랑구 중랑천로43길
d0e5f725-2984-4fbd-90d8-8211c531f393,경효원,1998-09-08,27,Female,서울특별시 동작구 흑석로42길
f85da705-e9d1-4ec8-8a4e-a4647b1a351e,신건희,2007-05-11,18,Male,서울특별시 용산구 이태원로81길
8fa92f6d-ff51-4ba5-ba63-b0f5ea124380,안가람,1961-11-26,64,Male,서울특별시 강남구 영동대로24길
d00fa9e1-6a92-4ea1-b566-7151e298b788,부세나,1986-01-03,39,Female,서울특별시 금천구 두산로77길
7b37340e-cb13-4227-992a-be4540ebec17,태태은,1999-11-11,26,Female,서울특별시 중구 세종대로17길
0d83d387-c9ea-4999-94b6-6e74ee7b4450,우재희,1964-06-05,61,Male,서울특별시 마포구 마포대로6길
a16f240b-3c8c-42a8-911d-0623097e57b7,신승현,1990-09-28,35,Female,서울특별시 도봉구 노해로53길
3258e16a-62d4-4526-83b4-eebbf5c109f3,시시온,1998-02-09,27,Male,서울특별시 중구 을지로55길
